{"cameraMode":{"drawMode":0,"name":"Shaded","section":"Shading Mode"},"sceneLighting":true,"audioPlay":false,"sceneViewState":{"m_AlwaysRefresh":false,"showFog":false,"showSkybox":false,"showFlares":false,"showImageEffects":false,"showParticleSystems":false,"showVisualEffectGraphs":false,"m_FxEnabled":true},"in2DMode":false,"pivot":{"x":-0.7053854465484619,"y":3.0246188640594484,"z":1.3068357706069947},"rotation":{"x":0.19272702932357789,"y":0.6595468521118164,"z":-0.18062742054462434,"w":0.7037362456321716},"size":2.0694210529327394,"orthographic":false}